,BAU_C1_Static_20_SSP1,BAU_C2_Static_20_SSP1,BAU_C3_Static_20_SSP1,LC3_C1_Static_20_SSP1,LC3_C2_Static_20_SSP1,LC3_C3_Static_20_SSP1,EST_T1_Static_20_SSP1,EST_T2_Static_20_SSP1,EST_T3_Static_20_SSP1,EST_T4_Static_20_SSP1,EST_T5_Static_20_SSP1,EST_T6_Static_20_SSP1,EST_T7_Static_20_SSP1,BAU_C1_Static_100_SSP1,BAU_C2_Static_100_SSP1,BAU_C3_Static_100_SSP1,LC3_C1_Static_100_SSP1,LC3_C2_Static_100_SSP1,LC3_C3_Static_100_SSP1,EST_T1_Static_100_SSP1,EST_T2_Static_100_SSP1,EST_T3_Static_100_SSP1,EST_T4_Static_100_SSP1,EST_T5_Static_100_SSP1,EST_T6_Static_100_SSP1,EST_T7_Static_100_SSP1,BAU_C1_Static_200_SSP1,BAU_C2_Static_200_SSP1,BAU_C3_Static_200_SSP1,LC3_C1_Static_200_SSP1,LC3_C2_Static_200_SSP1,LC3_C3_Static_200_SSP1,EST_T1_Static_200_SSP1,EST_T2_Static_200_SSP1,EST_T3_Static_200_SSP1,EST_T4_Static_200_SSP1,EST_T5_Static_200_SSP1,EST_T6_Static_200_SSP1,EST_T7_Static_200_SSP1,BAU_C1_Static_20_SSP2,BAU_C2_Static_20_SSP2,BAU_C3_Static_20_SSP2,LC3_C1_Static_20_SSP2,LC3_C2_Static_20_SSP2,LC3_C3_Static_20_SSP2,EST_T1_Static_20_SSP2,EST_T2_Static_20_SSP2,EST_T3_Static_20_SSP2,EST_T4_Static_20_SSP2,EST_T5_Static_20_SSP2,EST_T6_Static_20_SSP2,EST_T7_Static_20_SSP2,BAU_C1_Static_100_SSP2,BAU_C2_Static_100_SSP2,BAU_C3_Static_100_SSP2,LC3_C1_Static_100_SSP2,LC3_C2_Static_100_SSP2,LC3_C3_Static_100_SSP2,EST_T1_Static_100_SSP2,EST_T2_Static_100_SSP2,EST_T3_Static_100_SSP2,EST_T4_Static_100_SSP2,EST_T5_Static_100_SSP2,EST_T6_Static_100_SSP2,EST_T7_Static_100_SSP2,BAU_C1_Static_200_SSP2,BAU_C2_Static_200_SSP2,BAU_C3_Static_200_SSP2,LC3_C1_Static_200_SSP2,LC3_C2_Static_200_SSP2,LC3_C3_Static_200_SSP2,EST_T1_Static_200_SSP2,EST_T2_Static_200_SSP2,EST_T3_Static_200_SSP2,EST_T4_Static_200_SSP2,EST_T5_Static_200_SSP2,EST_T6_Static_200_SSP2,EST_T7_Static_200_SSP2,BAU_C1_Static_20_SSP3,BAU_C2_Static_20_SSP3,BAU_C3_Static_20_SSP3,LC3_C1_Static_20_SSP3,LC3_C2_Static_20_SSP3,LC3_C3_Static_20_SSP3,EST_T1_Static_20_SSP3,EST_T2_Static_20_SSP3,EST_T3_Static_20_SSP3,EST_T4_Static_20_SSP3,EST_T5_Static_20_SSP3,EST_T6_Static_20_SSP3,EST_T7_Static_20_SSP3,BAU_C1_Static_100_SSP3,BAU_C2_Static_100_SSP3,BAU_C3_Static_100_SSP3,LC3_C1_Static_100_SSP3,LC3_C2_Static_100_SSP3,LC3_C3_Static_100_SSP3,EST_T1_Static_100_SSP3,EST_T2_Static_100_SSP3,EST_T3_Static_100_SSP3,EST_T4_Static_100_SSP3,EST_T5_Static_100_SSP3,EST_T6_Static_100_SSP3,EST_T7_Static_100_SSP3,BAU_C1_Static_200_SSP3,BAU_C2_Static_200_SSP3,BAU_C3_Static_200_SSP3,LC3_C1_Static_200_SSP3,LC3_C2_Static_200_SSP3,LC3_C3_Static_200_SSP3,EST_T1_Static_200_SSP3,EST_T2_Static_200_SSP3,EST_T3_Static_200_SSP3,EST_T4_Static_200_SSP3,EST_T5_Static_200_SSP3,EST_T6_Static_200_SSP3,EST_T7_Static_200_SSP3,BAU_C1_Dynamic_20_SSP1,BAU_C2_Dynamic_20_SSP1,BAU_C3_Dynamic_20_SSP1,LC3_C1_Dynamic_20_SSP1,LC3_C2_Dynamic_20_SSP1,LC3_C3_Dynamic_20_SSP1,EST_T1_Dynamic_20_SSP1,EST_T2_Dynamic_20_SSP1,EST_T3_Dynamic_20_SSP1,EST_T4_Dynamic_20_SSP1,EST_T5_Dynamic_20_SSP1,EST_T6_Dynamic_20_SSP1,EST_T7_Dynamic_20_SSP1,BAU_C1_Dynamic_100_SSP1,BAU_C2_Dynamic_100_SSP1,BAU_C3_Dynamic_100_SSP1,LC3_C1_Dynamic_100_SSP1,LC3_C2_Dynamic_100_SSP1,LC3_C3_Dynamic_100_SSP1,EST_T1_Dynamic_100_SSP1,EST_T2_Dynamic_100_SSP1,EST_T3_Dynamic_100_SSP1,EST_T4_Dynamic_100_SSP1,EST_T5_Dynamic_100_SSP1,EST_T6_Dynamic_100_SSP1,EST_T7_Dynamic_100_SSP1,BAU_C1_Dynamic_200_SSP1,BAU_C2_Dynamic_200_SSP1,BAU_C3_Dynamic_200_SSP1,LC3_C1_Dynamic_200_SSP1,LC3_C2_Dynamic_200_SSP1,LC3_C3_Dynamic_200_SSP1,EST_T1_Dynamic_200_SSP1,EST_T2_Dynamic_200_SSP1,EST_T3_Dynamic_200_SSP1,EST_T4_Dynamic_200_SSP1,EST_T5_Dynamic_200_SSP1,EST_T6_Dynamic_200_SSP1,EST_T7_Dynamic_200_SSP1,BAU_C1_Dynamic_20_SSP2,BAU_C2_Dynamic_20_SSP2,BAU_C3_Dynamic_20_SSP2,LC3_C1_Dynamic_20_SSP2,LC3_C2_Dynamic_20_SSP2,LC3_C3_Dynamic_20_SSP2,EST_T1_Dynamic_20_SSP2,EST_T2_Dynamic_20_SSP2,EST_T3_Dynamic_20_SSP2,EST_T4_Dynamic_20_SSP2,EST_T5_Dynamic_20_SSP2,EST_T6_Dynamic_20_SSP2,EST_T7_Dynamic_20_SSP2,BAU_C1_Dynamic_100_SSP2,BAU_C2_Dynamic_100_SSP2,BAU_C3_Dynamic_100_SSP2,LC3_C1_Dynamic_100_SSP2,LC3_C2_Dynamic_100_SSP2,LC3_C3_Dynamic_100_SSP2,EST_T1_Dynamic_100_SSP2,EST_T2_Dynamic_100_SSP2,EST_T3_Dynamic_100_SSP2,EST_T4_Dynamic_100_SSP2,EST_T5_Dynamic_100_SSP2,EST_T6_Dynamic_100_SSP2,EST_T7_Dynamic_100_SSP2,BAU_C1_Dynamic_200_SSP2,BAU_C2_Dynamic_200_SSP2,BAU_C3_Dynamic_200_SSP2,LC3_C1_Dynamic_200_SSP2,LC3_C2_Dynamic_200_SSP2,LC3_C3_Dynamic_200_SSP2,EST_T1_Dynamic_200_SSP2,EST_T2_Dynamic_200_SSP2,EST_T3_Dynamic_200_SSP2,EST_T4_Dynamic_200_SSP2,EST_T5_Dynamic_200_SSP2,EST_T6_Dynamic_200_SSP2,EST_T7_Dynamic_200_SSP2,BAU_C1_Dynamic_20_SSP3,BAU_C2_Dynamic_20_SSP3,BAU_C3_Dynamic_20_SSP3,LC3_C1_Dynamic_20_SSP3,LC3_C2_Dynamic_20_SSP3,LC3_C3_Dynamic_20_SSP3,EST_T1_Dynamic_20_SSP3,EST_T2_Dynamic_20_SSP3,EST_T3_Dynamic_20_SSP3,EST_T4_Dynamic_20_SSP3,EST_T5_Dynamic_20_SSP3,EST_T6_Dynamic_20_SSP3,EST_T7_Dynamic_20_SSP3,BAU_C1_Dynamic_100_SSP3,BAU_C2_Dynamic_100_SSP3,BAU_C3_Dynamic_100_SSP3,LC3_C1_Dynamic_100_SSP3,LC3_C2_Dynamic_100_SSP3,LC3_C3_Dynamic_100_SSP3,EST_T1_Dynamic_100_SSP3,EST_T2_Dynamic_100_SSP3,EST_T3_Dynamic_100_SSP3,EST_T4_Dynamic_100_SSP3,EST_T5_Dynamic_100_SSP3,EST_T6_Dynamic_100_SSP3,EST_T7_Dynamic_100_SSP3,BAU_C1_Dynamic_200_SSP3,BAU_C2_Dynamic_200_SSP3,BAU_C3_Dynamic_200_SSP3,LC3_C1_Dynamic_200_SSP3,LC3_C2_Dynamic_200_SSP3,LC3_C3_Dynamic_200_SSP3,EST_T1_Dynamic_200_SSP3,EST_T2_Dynamic_200_SSP3,EST_T3_Dynamic_200_SSP3,EST_T4_Dynamic_200_SSP3,EST_T5_Dynamic_200_SSP3,EST_T6_Dynamic_200_SSP3,EST_T7_Dynamic_200_SSP3
Dynamic,0.0,0.0,0.0,0.0,0.0,0.0,0.0,0.0,0.0,0.0,0.0,0.0,0.0,0.0,0.0,0.0,0.0,0.0,0.0,0.0,0.0,0.0,0.0,0.0,0.0,0.0,0.0,0.0,0.0,0.0,0.0,0.0,0.0,0.0,0.0,0.0,0.0,0.0,0.0,0.0,0.0,0.0,0.0,0.0,0.0,0.0,0.0,0.0,0.0,0.0,0.0,0.0,0.0,0.0,0.0,0.0,0.0,0.0,0.0,0.0,0.0,0.0,0.0,0.0,0.0,0.0,0.0,0.0,0.0,0.0,0.0,0.0,0.0,0.0,0.0,0.0,0.0,0.0,0.0,0.0,0.0,0.0,0.0,0.0,0.0,0.0,0.0,0.0,0.0,0.0,0.0,0.0,0.0,0.0,0.0,0.0,0.0,0.0,0.0,0.0,0.0,0.0,0.0,0.0,0.0,0.0,0.0,0.0,0.0,0.0,0.0,0.0,0.0,0.0,0.0,0.0,0.0,1.0,1.0,1.0,1.0,1.0,1.0,1.0,1.0,1.0,1.0,1.0,1.0,1.0,1.0,1.0,1.0,1.0,1.0,1.0,1.0,1.0,1.0,1.0,1.0,1.0,1.0,1.0,1.0,1.0,1.0,1.0,1.0,1.0,1.0,1.0,1.0,1.0,1.0,1.0,1.0,1.0,1.0,1.0,1.0,1.0,1.0,1.0,1.0,1.0,1.0,1.0,1.0,1.0,1.0,1.0,1.0,1.0,1.0,1.0,1.0,1.0,1.0,1.0,1.0,1.0,1.0,1.0,1.0,1.0,1.0,1.0,1.0,1.0,1.0,1.0,1.0,1.0,1.0,1.0,1.0,1.0,1.0,1.0,1.0,1.0,1.0,1.0,1.0,1.0,1.0,1.0,1.0,1.0,1.0,1.0,1.0,1.0,1.0,1.0,1.0,1.0,1.0,1.0,1.0,1.0,1.0,1.0,1.0,1.0,1.0,1.0,1.0,1.0,1.0,1.0,1.0,1.0
THI,20.0,20.0,20.0,20.0,20.0,20.0,20.0,20.0,20.0,20.0,20.0,20.0,20.0,100.0,100.0,100.0,100.0,100.0,100.0,100.0,100.0,100.0,100.0,100.0,100.0,100.0,200.0,200.0,200.0,200.0,200.0,200.0,200.0,200.0,200.0,200.0,200.0,200.0,200.0,20.0,20.0,20.0,20.0,20.0,20.0,20.0,20.0,20.0,20.0,20.0,20.0,20.0,100.0,100.0,100.0,100.0,100.0,100.0,100.0,100.0,100.0,100.0,100.0,100.0,100.0,200.0,200.0,200.0,200.0,200.0,200.0,200.0,200.0,200.0,200.0,200.0,200.0,200.0,20.0,20.0,20.0,20.0,20.0,20.0,20.0,20.0,20.0,20.0,20.0,20.0,20.0,100.0,100.0,100.0,100.0,100.0,100.0,100.0,100.0,100.0,100.0,100.0,100.0,100.0,200.0,200.0,200.0,200.0,200.0,200.0,200.0,200.0,200.0,200.0,200.0,200.0,200.0,20.0,20.0,20.0,20.0,20.0,20.0,20.0,20.0,20.0,20.0,20.0,20.0,20.0,100.0,100.0,100.0,100.0,100.0,100.0,100.0,100.0,100.0,100.0,100.0,100.0,100.0,200.0,200.0,200.0,200.0,200.0,200.0,200.0,200.0,200.0,200.0,200.0,200.0,200.0,20.0,20.0,20.0,20.0,20.0,20.0,20.0,20.0,20.0,20.0,20.0,20.0,20.0,100.0,100.0,100.0,100.0,100.0,100.0,100.0,100.0,100.0,100.0,100.0,100.0,100.0,200.0,200.0,200.0,200.0,200.0,200.0,200.0,200.0,200.0,200.0,200.0,200.0,200.0,20.0,20.0,20.0,20.0,20.0,20.0,20.0,20.0,20.0,20.0,20.0,20.0,20.0,100.0,100.0,100.0,100.0,100.0,100.0,100.0,100.0,100.0,100.0,100.0,100.0,100.0,200.0,200.0,200.0,200.0,200.0,200.0,200.0,200.0,200.0,200.0,200.0,200.0,200.0
SSP,0.0,0.0,0.0,0.0,0.0,0.0,0.0,0.0,0.0,0.0,0.0,0.0,0.0,0.0,0.0,0.0,0.0,0.0,0.0,0.0,0.0,0.0,0.0,0.0,0.0,0.0,0.0,0.0,0.0,0.0,0.0,0.0,0.0,0.0,0.0,0.0,0.0,0.0,0.0,1.0,1.0,1.0,1.0,1.0,1.0,1.0,1.0,1.0,1.0,1.0,1.0,1.0,1.0,1.0,1.0,1.0,1.0,1.0,1.0,1.0,1.0,1.0,1.0,1.0,1.0,1.0,1.0,1.0,1.0,1.0,1.0,1.0,1.0,1.0,1.0,1.0,1.0,1.0,2.0,2.0,2.0,2.0,2.0,2.0,2.0,2.0,2.0,2.0,2.0,2.0,2.0,2.0,2.0,2.0,2.0,2.0,2.0,2.0,2.0,2.0,2.0,2.0,2.0,2.0,2.0,2.0,2.0,2.0,2.0,2.0,2.0,2.0,2.0,2.0,2.0,2.0,2.0,0.0,0.0,0.0,0.0,0.0,0.0,0.0,0.0,0.0,0.0,0.0,0.0,0.0,0.0,0.0,0.0,0.0,0.0,0.0,0.0,0.0,0.0,0.0,0.0,0.0,0.0,0.0,0.0,0.0,0.0,0.0,0.0,0.0,0.0,0.0,0.0,0.0,0.0,0.0,1.0,1.0,1.0,1.0,1.0,1.0,1.0,1.0,1.0,1.0,1.0,1.0,1.0,1.0,1.0,1.0,1.0,1.0,1.0,1.0,1.0,1.0,1.0,1.0,1.0,1.0,1.0,1.0,1.0,1.0,1.0,1.0,1.0,1.0,1.0,1.0,1.0,1.0,1.0,2.0,2.0,2.0,2.0,2.0,2.0,2.0,2.0,2.0,2.0,2.0,2.0,2.0,2.0,2.0,2.0,2.0,2.0,2.0,2.0,2.0,2.0,2.0,2.0,2.0,2.0,2.0,2.0,2.0,2.0,2.0,2.0,2.0,2.0,2.0,2.0,2.0,2.0,2.0
C_Pine_Mass,12047.04,12047.04,12047.04,12047.04,12047.04,12047.04,415416.13,415416.13,415416.13,415416.13,415416.13,415416.13,415416.13,12047.04,12047.04,12047.04,12047.04,12047.04,12047.04,415416.13,415416.13,415416.13,415416.13,415416.13,415416.13,415416.13,12047.04,12047.04,12047.04,12047.04,12047.04,12047.04,415416.13,415416.13,415416.13,415416.13,415416.13,415416.13,415416.13,12047.04,12047.04,12047.04,12047.04,12047.04,12047.04,415416.13,415416.13,415416.13,415416.13,415416.13,415416.13,415416.13,12047.04,12047.04,12047.04,12047.04,12047.04,12047.04,415416.13,415416.13,415416.13,415416.13,415416.13,415416.13,415416.13,12047.04,12047.04,12047.04,12047.04,12047.04,12047.04,415416.13,415416.13,415416.13,415416.13,415416.13,415416.13,415416.13,12047.04,12047.04,12047.04,12047.04,12047.04,12047.04,415416.13,415416.13,415416.13,415416.13,415416.13,415416.13,415416.13,12047.04,12047.04,12047.04,12047.04,12047.04,12047.04,415416.13,415416.13,415416.13,415416.13,415416.13,415416.13,415416.13,12047.04,12047.04,12047.04,12047.04,12047.04,12047.04,415416.13,415416.13,415416.13,415416.13,415416.13,415416.13,415416.13,12047.04,12047.04,12047.04,12047.04,12047.04,12047.04,415416.13,415416.13,415416.13,415416.13,415416.13,415416.13,415416.13,12047.04,12047.04,12047.04,12047.04,12047.04,12047.04,415416.13,415416.13,415416.13,415416.13,415416.13,415416.13,415416.13,12047.04,12047.04,12047.04,12047.04,12047.04,12047.04,415416.13,415416.13,415416.13,415416.13,415416.13,415416.13,415416.13,12047.04,12047.04,12047.04,12047.04,12047.04,12047.04,415416.13,415416.13,415416.13,415416.13,415416.13,415416.13,415416.13,12047.04,12047.04,12047.04,12047.04,12047.04,12047.04,415416.13,415416.13,415416.13,415416.13,415416.13,415416.13,415416.13,12047.04,12047.04,12047.04,12047.04,12047.04,12047.04,415416.13,415416.13,415416.13,415416.13,415416.13,415416.13,415416.13,12047.04,12047.04,12047.04,12047.04,12047.04,12047.04,415416.13,415416.13,415416.13,415416.13,415416.13,415416.13,415416.13,12047.04,12047.04,12047.04,12047.04,12047.04,12047.04,415416.13,415416.13,415416.13,415416.13,415416.13,415416.13,415416.13,12047.04,12047.04,12047.04,12047.04,12047.04,12047.04,415416.13,415416.13,415416.13,415416.13,415416.13,415416.13,415416.13
C_SOL,1387109.739,1387109.739,1387109.739,1195172.865,1195172.865,1195172.865,895591.7605,895591.7605,895591.7605,895591.7605,895591.7605,895591.7605,895591.7605,1387109.739,1387109.739,1387109.739,1195172.865,1195172.865,1195172.865,895591.7605,895591.7605,895591.7605,895591.7605,895591.7605,895591.7605,895591.7605,1387109.739,1387109.739,1387109.739,1195172.865,1195172.865,1195172.865,895591.7605,895591.7605,895591.7605,895591.7605,895591.7605,895591.7605,895591.7605,1387109.739,1387109.739,1387109.739,1195172.865,1195172.865,1195172.865,895591.7605,895591.7605,895591.7605,895591.7605,895591.7605,895591.7605,895591.7605,1387109.739,1387109.739,1387109.739,1195172.865,1195172.865,1195172.865,895591.7605,895591.7605,895591.7605,895591.7605,895591.7605,895591.7605,895591.7605,1387109.739,1387109.739,1387109.739,1195172.865,1195172.865,1195172.865,895591.7605,895591.7605,895591.7605,895591.7605,895591.7605,895591.7605,895591.7605,1387109.739,1387109.739,1387109.739,1195172.865,1195172.865,1195172.865,895591.7605,895591.7605,895591.7605,895591.7605,895591.7605,895591.7605,895591.7605,1387109.739,1387109.739,1387109.739,1195172.865,1195172.865,1195172.865,895591.7605,895591.7605,895591.7605,895591.7605,895591.7605,895591.7605,895591.7605,1387109.739,1387109.739,1387109.739,1195172.865,1195172.865,1195172.865,895591.7605,895591.7605,895591.7605,895591.7605,895591.7605,895591.7605,895591.7605,1387109.739,1387109.739,1387109.739,1195172.865,1195172.865,1195172.865,895591.7605,895591.7605,895591.7605,895591.7605,895591.7605,895591.7605,895591.7605,1387109.739,1387109.739,1387109.739,1195172.865,1195172.865,1195172.865,895591.7605,895591.7605,895591.7605,895591.7605,895591.7605,895591.7605,895591.7605,1387109.739,1387109.739,1387109.739,1195172.865,1195172.865,1195172.865,895591.7605,895591.7605,895591.7605,895591.7605,895591.7605,895591.7605,895591.7605,1387109.739,1387109.739,1387109.739,1195172.865,1195172.865,1195172.865,895591.7605,895591.7605,895591.7605,895591.7605,895591.7605,895591.7605,895591.7605,1387109.739,1387109.739,1387109.739,1195172.865,1195172.865,1195172.865,895591.7605,895591.7605,895591.7605,895591.7605,895591.7605,895591.7605,895591.7605,1387109.739,1387109.739,1387109.739,1195172.865,1195172.865,1195172.865,895591.7605,895591.7605,895591.7605,895591.7605,895591.7605,895591.7605,895591.7605,1387109.739,1387109.739,1387109.739,1195172.865,1195172.865,1195172.865,895591.7605,895591.7605,895591.7605,895591.7605,895591.7605,895591.7605,895591.7605,1387109.739,1387109.739,1387109.739,1195172.865,1195172.865,1195172.865,895591.7605,895591.7605,895591.7605,895591.7605,895591.7605,895591.7605,895591.7605,1387109.739,1387109.739,1387109.739,1195172.865,1195172.865,1195172.865,895591.7605,895591.7605,895591.7605,895591.7605,895591.7605,895591.7605,895591.7605
M_SOL,2836.384746,2836.384746,2836.384746,2849.618069,2849.618069,2849.618069,1924.998433,1924.998433,1924.998433,1924.998433,1924.998433,1924.998433,1924.998433,2836.384746,2836.384746,2836.384746,2849.618069,2849.618069,2849.618069,1924.998433,1924.998433,1924.998433,1924.998433,1924.998433,1924.998433,1924.998433,2836.384746,2836.384746,2836.384746,2849.618069,2849.618069,2849.618069,1924.998433,1924.998433,1924.998433,1924.998433,1924.998433,1924.998433,1924.998433,2836.384746,2836.384746,2836.384746,2849.618069,2849.618069,2849.618069,1924.998433,1924.998433,1924.998433,1924.998433,1924.998433,1924.998433,1924.998433,2836.384746,2836.384746,2836.384746,2849.618069,2849.618069,2849.618069,1924.998433,1924.998433,1924.998433,1924.998433,1924.998433,1924.998433,1924.998433,2836.384746,2836.384746,2836.384746,2849.618069,2849.618069,2849.618069,1924.998433,1924.998433,1924.998433,1924.998433,1924.998433,1924.998433,1924.998433,2836.384746,2836.384746,2836.384746,2849.618069,2849.618069,2849.618069,1924.998433,1924.998433,1924.998433,1924.998433,1924.998433,1924.998433,1924.998433,2836.384746,2836.384746,2836.384746,2849.618069,2849.618069,2849.618069,1924.998433,1924.998433,1924.998433,1924.998433,1924.998433,1924.998433,1924.998433,2836.384746,2836.384746,2836.384746,2849.618069,2849.618069,2849.618069,1924.998433,1924.998433,1924.998433,1924.998433,1924.998433,1924.998433,1924.998433,2836.384746,2836.384746,2836.384746,2849.618069,2849.618069,2849.618069,1924.998433,1924.998433,1924.998433,1924.998433,1924.998433,1924.998433,1924.998433,2836.384746,2836.384746,2836.384746,2849.618069,2849.618069,2849.618069,1924.998433,1924.998433,1924.998433,1924.998433,1924.998433,1924.998433,1924.998433,2836.384746,2836.384746,2836.384746,2849.618069,2849.618069,2849.618069,1924.998433,1924.998433,1924.998433,1924.998433,1924.998433,1924.998433,1924.998433,2836.384746,2836.384746,2836.384746,2849.618069,2849.618069,2849.618069,1924.998433,1924.998433,1924.998433,1924.998433,1924.998433,1924.998433,1924.998433,2836.384746,2836.384746,2836.384746,2849.618069,2849.618069,2849.618069,1924.998433,1924.998433,1924.998433,1924.998433,1924.998433,1924.998433,1924.998433,2836.384746,2836.384746,2836.384746,2849.618069,2849.618069,2849.618069,1924.998433,1924.998433,1924.998433,1924.998433,1924.998433,1924.998433,1924.998433,2836.384746,2836.384746,2836.384746,2849.618069,2849.618069,2849.618069,1924.998433,1924.998433,1924.998433,1924.998433,1924.998433,1924.998433,1924.998433,2836.384746,2836.384746,2836.384746,2849.618069,2849.618069,2849.618069,1924.998433,1924.998433,1924.998433,1924.998433,1924.998433,1924.998433,1924.998433,2836.384746,2836.384746,2836.384746,2849.618069,2849.618069,2849.618069,1924.998433,1924.998433,1924.998433,1924.998433,1924.998433,1924.998433,1924.998433
N_SOL,21.56964059,21.56964059,21.56964059,20.01474122,20.01474122,20.01474122,19.53316447,19.53316447,19.53316447,19.53316447,19.53316447,19.53316447,19.53316447,21.56964059,21.56964059,21.56964059,20.01474122,20.01474122,20.01474122,19.53316447,19.53316447,19.53316447,19.53316447,19.53316447,19.53316447,19.53316447,21.56964059,21.56964059,21.56964059,20.01474122,20.01474122,20.01474122,19.53316447,19.53316447,19.53316447,19.53316447,19.53316447,19.53316447,19.53316447,21.56964059,21.56964059,21.56964059,20.01474122,20.01474122,20.01474122,19.53316447,19.53316447,19.53316447,19.53316447,19.53316447,19.53316447,19.53316447,21.56964059,21.56964059,21.56964059,20.01474122,20.01474122,20.01474122,19.53316447,19.53316447,19.53316447,19.53316447,19.53316447,19.53316447,19.53316447,21.56964059,21.56964059,21.56964059,20.01474122,20.01474122,20.01474122,19.53316447,19.53316447,19.53316447,19.53316447,19.53316447,19.53316447,19.53316447,21.56964059,21.56964059,21.56964059,20.01474122,20.01474122,20.01474122,19.53316447,19.53316447,19.53316447,19.53316447,19.53316447,19.53316447,19.53316447,21.56964059,21.56964059,21.56964059,20.01474122,20.01474122,20.01474122,19.53316447,19.53316447,19.53316447,19.53316447,19.53316447,19.53316447,19.53316447,21.56964059,21.56964059,21.56964059,20.01474122,20.01474122,20.01474122,19.53316447,19.53316447,19.53316447,19.53316447,19.53316447,19.53316447,19.53316447,21.56964059,21.56964059,21.56964059,20.01474122,20.01474122,20.01474122,19.53316447,19.53316447,19.53316447,19.53316447,19.53316447,19.53316447,19.53316447,21.56964059,21.56964059,21.56964059,20.01474122,20.01474122,20.01474122,19.53316447,19.53316447,19.53316447,19.53316447,19.53316447,19.53316447,19.53316447,21.56964059,21.56964059,21.56964059,20.01474122,20.01474122,20.01474122,19.53316447,19.53316447,19.53316447,19.53316447,19.53316447,19.53316447,19.53316447,21.56964059,21.56964059,21.56964059,20.01474122,20.01474122,20.01474122,19.53316447,19.53316447,19.53316447,19.53316447,19.53316447,19.53316447,19.53316447,21.56964059,21.56964059,21.56964059,20.01474122,20.01474122,20.01474122,19.53316447,19.53316447,19.53316447,19.53316447,19.53316447,19.53316447,19.53316447,21.56964059,21.56964059,21.56964059,20.01474122,20.01474122,20.01474122,19.53316447,19.53316447,19.53316447,19.53316447,19.53316447,19.53316447,19.53316447,21.56964059,21.56964059,21.56964059,20.01474122,20.01474122,20.01474122,19.53316447,19.53316447,19.53316447,19.53316447,19.53316447,19.53316447,19.53316447,21.56964059,21.56964059,21.56964059,20.01474122,20.01474122,20.01474122,19.53316447,19.53316447,19.53316447,19.53316447,19.53316447,19.53316447,19.53316447,21.56964059,21.56964059,21.56964059,20.01474122,20.01474122,20.01474122,19.53316447,19.53316447,19.53316447,19.53316447,19.53316447,19.53316447,19.53316447
C_EOL,65178.45786,79975.23562,68330.17152,65178.45786,79975.23562,68330.17152,66613.73338,66848.85397,76202.22926,69193.20795,69193.20795,69193.20795,69402.35225,65178.45786,79975.23562,68330.17152,65178.45786,79975.23562,68330.17152,66613.73338,66848.85397,76202.22926,69193.20795,69193.20795,69193.20795,69402.35225,65178.45786,79975.23562,68330.17152,65178.45786,79975.23562,68330.17152,66613.73338,66848.85397,76202.22926,69193.20795,69193.20795,69193.20795,69402.35225,65178.45786,79975.23562,68330.17152,65178.45786,79975.23562,68330.17152,66613.73338,66848.85397,76202.22926,69193.20795,69193.20795,69193.20795,69402.35225,65178.45786,79975.23562,68330.17152,65178.45786,79975.23562,68330.17152,66613.73338,66848.85397,76202.22926,69193.20795,69193.20795,69193.20795,69402.35225,65178.45786,79975.23562,68330.17152,65178.45786,79975.23562,68330.17152,66613.73338,66848.85397,76202.22926,69193.20795,69193.20795,69193.20795,69402.35225,65178.45786,79975.23562,68330.17152,65178.45786,79975.23562,68330.17152,66613.73338,66848.85397,76202.22926,69193.20795,69193.20795,69193.20795,69402.35225,65178.45786,79975.23562,68330.17152,65178.45786,79975.23562,68330.17152,66613.73338,66848.85397,76202.22926,69193.20795,69193.20795,69193.20795,69402.35225,65178.45786,79975.23562,68330.17152,65178.45786,79975.23562,68330.17152,66613.73338,66848.85397,76202.22926,69193.20795,69193.20795,69193.20795,69402.35225,65178.45786,79975.23562,68330.17152,65178.45786,79975.23562,68330.17152,66613.73338,66848.85397,76202.22926,69193.20795,69193.20795,69193.20795,69402.35225,65178.45786,79975.23562,68330.17152,65178.45786,79975.23562,68330.17152,66613.73338,66848.85397,76202.22926,69193.20795,69193.20795,69193.20795,69402.35225,65178.45786,79975.23562,68330.17152,65178.45786,79975.23562,68330.17152,66613.73338,66848.85397,76202.22926,69193.20795,69193.20795,69193.20795,69402.35225,65178.45786,79975.23562,68330.17152,65178.45786,79975.23562,68330.17152,66613.73338,66848.85397,76202.22926,69193.20795,69193.20795,69193.20795,69402.35225,65178.45786,79975.23562,68330.17152,65178.45786,79975.23562,68330.17152,66613.73338,66848.85397,76202.22926,69193.20795,69193.20795,69193.20795,69402.35225,65178.45786,79975.23562,68330.17152,65178.45786,79975.23562,68330.17152,66613.73338,66848.85397,76202.22926,69193.20795,69193.20795,69193.20795,69402.35225,65178.45786,79975.23562,68330.17152,65178.45786,79975.23562,68330.17152,66613.73338,66848.85397,76202.22926,69193.20795,69193.20795,69193.20795,69402.35225,65178.45786,79975.23562,68330.17152,65178.45786,79975.23562,68330.17152,66613.73338,66848.85397,76202.22926,69193.20795,69193.20795,69193.20795,69402.35225,65178.45786,79975.23562,68330.17152,65178.45786,79975.23562,68330.17152,66613.73338,66848.85397,76202.22926,69193.20795,69193.20795,69193.20795,69402.35225
M_EOL,2.888061547,29.75407232,8.610521859,2.888061547,29.75407232,8.610521859,55.67074619,41.74049029,70.78005513,49.12937407,49.12937407,49.12937407,52.34943306,2.888061547,29.75407232,8.610521859,2.888061547,29.75407232,8.610521859,55.67074619,41.74049029,70.78005513,49.12937407,49.12937407,49.12937407,52.34943306,2.888061547,29.75407232,8.610521859,2.888061547,29.75407232,8.610521859,55.67074619,41.74049029,70.78005513,49.12937407,49.12937407,49.12937407,52.34943306,2.888061547,29.75407232,8.610521859,2.888061547,29.75407232,8.610521859,55.67074619,41.74049029,70.78005513,49.12937407,49.12937407,49.12937407,52.34943306,2.888061547,29.75407232,8.610521859,2.888061547,29.75407232,8.610521859,55.67074619,41.74049029,70.78005513,49.12937407,49.12937407,49.12937407,52.34943306,2.888061547,29.75407232,8.610521859,2.888061547,29.75407232,8.610521859,55.67074619,41.74049029,70.78005513,49.12937407,49.12937407,49.12937407,52.34943306,2.888061547,29.75407232,8.610521859,2.888061547,29.75407232,8.610521859,55.67074619,41.74049029,70.78005513,49.12937407,49.12937407,49.12937407,52.34943306,2.888061547,29.75407232,8.610521859,2.888061547,29.75407232,8.610521859,55.67074619,41.74049029,70.78005513,49.12937407,49.12937407,49.12937407,52.34943306,2.888061547,29.75407232,8.610521859,2.888061547,29.75407232,8.610521859,55.67074619,41.74049029,70.78005513,49.12937407,49.12937407,49.12937407,52.34943306,2.888061547,29.75407232,8.610521859,2.888061547,29.75407232,8.610521859,55.67074619,41.74049029,70.78005513,49.12937407,49.12937407,49.12937407,52.34943306,2.888061547,29.75407232,8.610521859,2.888061547,29.75407232,8.610521859,55.67074619,41.74049029,70.78005513,49.12937407,49.12937407,49.12937407,52.34943306,2.888061547,29.75407232,8.610521859,2.888061547,29.75407232,8.610521859,55.67074619,41.74049029,70.78005513,49.12937407,49.12937407,49.12937407,52.34943306,2.888061547,29.75407232,8.610521859,2.888061547,29.75407232,8.610521859,55.67074619,41.74049029,70.78005513,49.12937407,49.12937407,49.12937407,52.34943306,2.888061547,29.75407232,8.610521859,2.888061547,29.75407232,8.610521859,55.67074619,41.74049029,70.78005513,49.12937407,49.12937407,49.12937407,52.34943306,2.888061547,29.75407232,8.610521859,2.888061547,29.75407232,8.610521859,55.67074619,41.74049029,70.78005513,49.12937407,49.12937407,49.12937407,52.34943306,2.888061547,29.75407232,8.610521859,2.888061547,29.75407232,8.610521859,55.67074619,41.74049029,70.78005513,49.12937407,49.12937407,49.12937407,52.34943306,2.888061547,29.75407232,8.610521859,2.888061547,29.75407232,8.610521859,55.67074619,41.74049029,70.78005513,49.12937407,49.12937407,49.12937407,52.34943306,2.888061547,29.75407232,8.610521859,2.888061547,29.75407232,8.610521859,55.67074619,41.74049029,70.78005513,49.12937407,49.12937407,49.12937407,52.34943306
N_EOL,1.431010914,1.903709898,1.531695797,1.431010914,1.903709898,1.531695797,16.57042317,1.458472461,1.737175186,1.583050336,1.583050336,1.583050336,4.29626691,1.431010914,1.903709898,1.531695797,1.431010914,1.903709898,1.531695797,16.57042317,1.458472461,1.737175186,1.583050336,1.583050336,1.583050336,4.29626691,1.431010914,1.903709898,1.531695797,1.431010914,1.903709898,1.531695797,16.57042317,1.458472461,1.737175186,1.583050336,1.583050336,1.583050336,4.29626691,1.431010914,1.903709898,1.531695797,1.431010914,1.903709898,1.531695797,16.57042317,1.458472461,1.737175186,1.583050336,1.583050336,1.583050336,4.29626691,1.431010914,1.903709898,1.531695797,1.431010914,1.903709898,1.531695797,16.57042317,1.458472461,1.737175186,1.583050336,1.583050336,1.583050336,4.29626691,1.431010914,1.903709898,1.531695797,1.431010914,1.903709898,1.531695797,16.57042317,1.458472461,1.737175186,1.583050336,1.583050336,1.583050336,4.29626691,1.431010914,1.903709898,1.531695797,1.431010914,1.903709898,1.531695797,16.57042317,1.458472461,1.737175186,1.583050336,1.583050336,1.583050336,4.29626691,1.431010914,1.903709898,1.531695797,1.431010914,1.903709898,1.531695797,16.57042317,1.458472461,1.737175186,1.583050336,1.583050336,1.583050336,4.29626691,1.431010914,1.903709898,1.531695797,1.431010914,1.903709898,1.531695797,16.57042317,1.458472461,1.737175186,1.583050336,1.583050336,1.583050336,4.29626691,1.431010914,1.903709898,1.531695797,1.431010914,1.903709898,1.531695797,16.57042317,1.458472461,1.737175186,1.583050336,1.583050336,1.583050336,4.29626691,1.431010914,1.903709898,1.531695797,1.431010914,1.903709898,1.531695797,16.57042317,1.458472461,1.737175186,1.583050336,1.583050336,1.583050336,4.29626691,1.431010914,1.903709898,1.531695797,1.431010914,1.903709898,1.531695797,16.57042317,1.458472461,1.737175186,1.583050336,1.583050336,1.583050336,4.29626691,1.431010914,1.903709898,1.531695797,1.431010914,1.903709898,1.531695797,16.57042317,1.458472461,1.737175186,1.583050336,1.583050336,1.583050336,4.29626691,1.431010914,1.903709898,1.531695797,1.431010914,1.903709898,1.531695797,16.57042317,1.458472461,1.737175186,1.583050336,1.583050336,1.583050336,4.29626691,1.431010914,1.903709898,1.531695797,1.431010914,1.903709898,1.531695797,16.57042317,1.458472461,1.737175186,1.583050336,1.583050336,1.583050336,4.29626691,1.431010914,1.903709898,1.531695797,1.431010914,1.903709898,1.531695797,16.57042317,1.458472461,1.737175186,1.583050336,1.583050336,1.583050336,4.29626691,1.431010914,1.903709898,1.531695797,1.431010914,1.903709898,1.531695797,16.57042317,1.458472461,1.737175186,1.583050336,1.583050336,1.583050336,4.29626691,1.431010914,1.903709898,1.531695797,1.431010914,1.903709898,1.531695797,16.57042317,1.458472461,1.737175186,1.583050336,1.583050336,1.583050336,4.29626691
C_CRE,-704.3837109,-704.383711,-704.383711,-704.3837109,-704.383711,-704.383711,-116658.7919,-173584.7464,-13159.91595,0.0,0.0,0.0,-22182.97497,-704.3837109,-704.383711,-704.383711,-704.3837109,-704.383711,-704.383711,-116658.7919,-173584.7464,-13159.91595,0.0,0.0,0.0,-22182.97497,-704.3837109,-704.383711,-704.383711,-704.3837109,-704.383711,-704.383711,-116658.7919,-173584.7464,-13159.91595,0.0,0.0,0.0,-22182.97497,-704.3837109,-704.383711,-704.383711,-704.3837109,-704.383711,-704.383711,-116658.7919,-173584.7464,-13159.91595,0.0,0.0,0.0,-22182.97497,-704.3837109,-704.383711,-704.383711,-704.3837109,-704.383711,-704.383711,-116658.7919,-173584.7464,-13159.91595,0.0,0.0,0.0,-22182.97497,-704.3837109,-704.383711,-704.383711,-704.3837109,-704.383711,-704.383711,-116658.7919,-173584.7464,-13159.91595,0.0,0.0,0.0,-22182.97497,-704.3837109,-704.383711,-704.383711,-704.3837109,-704.383711,-704.383711,-116658.7919,-173584.7464,-13159.91595,0.0,0.0,0.0,-22182.97497,-704.3837109,-704.383711,-704.383711,-704.3837109,-704.383711,-704.383711,-116658.7919,-173584.7464,-13159.91595,0.0,0.0,0.0,-22182.97497,-704.3837109,-704.383711,-704.383711,-704.3837109,-704.383711,-704.383711,-116658.7919,-173584.7464,-13159.91595,0.0,0.0,0.0,-22182.97497,-704.3837109,-704.383711,-704.383711,-704.3837109,-704.383711,-704.383711,-116658.7919,-173584.7464,-13159.91595,0.0,0.0,0.0,-22182.97497,-704.3837109,-704.383711,-704.383711,-704.3837109,-704.383711,-704.383711,-116658.7919,-173584.7464,-13159.91595,0.0,0.0,0.0,-22182.97497,-704.3837109,-704.383711,-704.383711,-704.3837109,-704.383711,-704.383711,-116658.7919,-173584.7464,-13159.91595,0.0,0.0,0.0,-22182.97497,-704.3837109,-704.383711,-704.383711,-704.3837109,-704.383711,-704.383711,-116658.7919,-173584.7464,-13159.91595,0.0,0.0,0.0,-22182.97497,-704.3837109,-704.383711,-704.383711,-704.3837109,-704.383711,-704.383711,-116658.7919,-173584.7464,-13159.91595,0.0,0.0,0.0,-22182.97497,-704.3837109,-704.383711,-704.383711,-704.3837109,-704.383711,-704.383711,-116658.7919,-173584.7464,-13159.91595,0.0,0.0,0.0,-22182.97497,-704.3837109,-704.383711,-704.383711,-704.3837109,-704.383711,-704.383711,-116658.7919,-173584.7464,-13159.91595,0.0,0.0,0.0,-22182.97497,-704.3837109,-704.383711,-704.383711,-704.3837109,-704.383711,-704.383711,-116658.7919,-173584.7464,-13159.91595,0.0,0.0,0.0,-22182.97497,-704.3837109,-704.383711,-704.383711,-704.3837109,-704.383711,-704.383711,-116658.7919,-173584.7464,-13159.91595,0.0,0.0,0.0,-22182.97497
M_CRE,-2.683851437,-2.683851438,-2.683851438,-2.683851437,-2.683851438,-2.683851438,-448.3752577,-452.3663741,-42.61390093,0.0,0.0,0.0,-84.54279746,-2.683851437,-2.683851438,-2.683851438,-2.683851437,-2.683851438,-2.683851438,-448.3752577,-452.3663741,-42.61390093,0.0,0.0,0.0,-84.54279746,-2.683851437,-2.683851438,-2.683851438,-2.683851437,-2.683851438,-2.683851438,-448.3752577,-452.3663741,-42.61390093,0.0,0.0,0.0,-84.54279746,-2.683851437,-2.683851438,-2.683851438,-2.683851437,-2.683851438,-2.683851438,-448.3752577,-452.3663741,-42.61390093,0.0,0.0,0.0,-84.54279746,-2.683851437,-2.683851438,-2.683851438,-2.683851437,-2.683851438,-2.683851438,-448.3752577,-452.3663741,-42.61390093,0.0,0.0,0.0,-84.54279746,-2.683851437,-2.683851438,-2.683851438,-2.683851437,-2.683851438,-2.683851438,-448.3752577,-452.3663741,-42.61390093,0.0,0.0,0.0,-84.54279746,-2.683851437,-2.683851438,-2.683851438,-2.683851437,-2.683851438,-2.683851438,-448.3752577,-452.3663741,-42.61390093,0.0,0.0,0.0,-84.54279746,-2.683851437,-2.683851438,-2.683851438,-2.683851437,-2.683851438,-2.683851438,-448.3752577,-452.3663741,-42.61390093,0.0,0.0,0.0,-84.54279746,-2.683851437,-2.683851438,-2.683851438,-2.683851437,-2.683851438,-2.683851438,-448.3752577,-452.3663741,-42.61390093,0.0,0.0,0.0,-84.54279746,-2.683851437,-2.683851438,-2.683851438,-2.683851437,-2.683851438,-2.683851438,-448.3752577,-452.3663741,-42.61390093,0.0,0.0,0.0,-84.54279746,-2.683851437,-2.683851438,-2.683851438,-2.683851437,-2.683851438,-2.683851438,-448.3752577,-452.3663741,-42.61390093,0.0,0.0,0.0,-84.54279746,-2.683851437,-2.683851438,-2.683851438,-2.683851437,-2.683851438,-2.683851438,-448.3752577,-452.3663741,-42.61390093,0.0,0.0,0.0,-84.54279746,-2.683851437,-2.683851438,-2.683851438,-2.683851437,-2.683851438,-2.683851438,-448.3752577,-452.3663741,-42.61390093,0.0,0.0,0.0,-84.54279746,-2.683851437,-2.683851438,-2.683851438,-2.683851437,-2.683851438,-2.683851438,-448.3752577,-452.3663741,-42.61390093,0.0,0.0,0.0,-84.54279746,-2.683851437,-2.683851438,-2.683851438,-2.683851437,-2.683851438,-2.683851438,-448.3752577,-452.3663741,-42.61390093,0.0,0.0,0.0,-84.54279746,-2.683851437,-2.683851438,-2.683851438,-2.683851437,-2.683851438,-2.683851438,-448.3752577,-452.3663741,-42.61390093,0.0,0.0,0.0,-84.54279746,-2.683851437,-2.683851438,-2.683851438,-2.683851437,-2.683851438,-2.683851438,-448.3752577,-452.3663741,-42.61390093,0.0,0.0,0.0,-84.54279746,-2.683851437,-2.683851438,-2.683851438,-2.683851437,-2.683851438,-2.683851438,-448.3752577,-452.3663741,-42.61390093,0.0,0.0,0.0,-84.54279746
N_CRE,-0.018896232,-0.018896232,-0.018896232,-0.018896232,-0.018896232,-0.018896232,-3.066267825,-5.701841397,-0.475824331,0.0,0.0,0.0,-0.594752398,-0.018896232,-0.018896232,-0.018896232,-0.018896232,-0.018896232,-0.018896232,-3.066267825,-5.701841397,-0.475824331,0.0,0.0,0.0,-0.594752398,-0.018896232,-0.018896232,-0.018896232,-0.018896232,-0.018896232,-0.018896232,-3.066267825,-5.701841397,-0.475824331,0.0,0.0,0.0,-0.594752398,-0.018896232,-0.018896232,-0.018896232,-0.018896232,-0.018896232,-0.018896232,-3.066267825,-5.701841397,-0.475824331,0.0,0.0,0.0,-0.594752398,-0.018896232,-0.018896232,-0.018896232,-0.018896232,-0.018896232,-0.018896232,-3.066267825,-5.701841397,-0.475824331,0.0,0.0,0.0,-0.594752398,-0.018896232,-0.018896232,-0.018896232,-0.018896232,-0.018896232,-0.018896232,-3.066267825,-5.701841397,-0.475824331,0.0,0.0,0.0,-0.594752398,-0.018896232,-0.018896232,-0.018896232,-0.018896232,-0.018896232,-0.018896232,-3.066267825,-5.701841397,-0.475824331,0.0,0.0,0.0,-0.594752398,-0.018896232,-0.018896232,-0.018896232,-0.018896232,-0.018896232,-0.018896232,-3.066267825,-5.701841397,-0.475824331,0.0,0.0,0.0,-0.594752398,-0.018896232,-0.018896232,-0.018896232,-0.018896232,-0.018896232,-0.018896232,-3.066267825,-5.701841397,-0.475824331,0.0,0.0,0.0,-0.594752398,-0.018896232,-0.018896232,-0.018896232,-0.018896232,-0.018896232,-0.018896232,-3.066267825,-5.701841397,-0.475824331,0.0,0.0,0.0,-0.594752398,-0.018896232,-0.018896232,-0.018896232,-0.018896232,-0.018896232,-0.018896232,-3.066267825,-5.701841397,-0.475824331,0.0,0.0,0.0,-0.594752398,-0.018896232,-0.018896232,-0.018896232,-0.018896232,-0.018896232,-0.018896232,-3.066267825,-5.701841397,-0.475824331,0.0,0.0,0.0,-0.594752398,-0.018896232,-0.018896232,-0.018896232,-0.018896232,-0.018896232,-0.018896232,-3.066267825,-5.701841397,-0.475824331,0.0,0.0,0.0,-0.594752398,-0.018896232,-0.018896232,-0.018896232,-0.018896232,-0.018896232,-0.018896232,-3.066267825,-5.701841397,-0.475824331,0.0,0.0,0.0,-0.594752398,-0.018896232,-0.018896232,-0.018896232,-0.018896232,-0.018896232,-0.018896232,-3.066267825,-5.701841397,-0.475824331,0.0,0.0,0.0,-0.594752398,-0.018896232,-0.018896232,-0.018896232,-0.018896232,-0.018896232,-0.018896232,-3.066267825,-5.701841397,-0.475824331,0.0,0.0,0.0,-0.594752398,-0.018896232,-0.018896232,-0.018896232,-0.018896232,-0.018896232,-0.018896232,-3.066267825,-5.701841397,-0.475824331,0.0,0.0,0.0,-0.594752398,-0.018896232,-0.018896232,-0.018896232,-0.018896232,-0.018896232,-0.018896232,-3.066267825,-5.701841397,-0.475824331,0.0,0.0,0.0,-0.594752398
Area_in,3097.5,3097.5,3097.5,3097.5,3097.5,3097.5,0.0,0.0,0.0,0.0,0.0,0.0,0.0,3097.5,3097.5,3097.5,3097.5,3097.5,3097.5,0.0,0.0,0.0,0.0,0.0,0.0,0.0,3097.5,3097.5,3097.5,3097.5,3097.5,3097.5,0.0,0.0,0.0,0.0,0.0,0.0,0.0,3097.5,3097.5,3097.5,3097.5,3097.5,3097.5,0.0,0.0,0.0,0.0,0.0,0.0,0.0,3097.5,3097.5,3097.5,3097.5,3097.5,3097.5,0.0,0.0,0.0,0.0,0.0,0.0,0.0,3097.5,3097.5,3097.5,3097.5,3097.5,3097.5,0.0,0.0,0.0,0.0,0.0,0.0,0.0,3097.5,3097.5,3097.5,3097.5,3097.5,3097.5,0.0,0.0,0.0,0.0,0.0,0.0,0.0,3097.5,3097.5,3097.5,3097.5,3097.5,3097.5,0.0,0.0,0.0,0.0,0.0,0.0,0.0,3097.5,3097.5,3097.5,3097.5,3097.5,3097.5,0.0,0.0,0.0,0.0,0.0,0.0,0.0,3097.5,3097.5,3097.5,3097.5,3097.5,3097.5,0.0,0.0,0.0,0.0,0.0,0.0,0.0,3097.5,3097.5,3097.5,3097.5,3097.5,3097.5,0.0,0.0,0.0,0.0,0.0,0.0,0.0,3097.5,3097.5,3097.5,3097.5,3097.5,3097.5,0.0,0.0,0.0,0.0,0.0,0.0,0.0,3097.5,3097.5,3097.5,3097.5,3097.5,3097.5,0.0,0.0,0.0,0.0,0.0,0.0,0.0,3097.5,3097.5,3097.5,3097.5,3097.5,3097.5,0.0,0.0,0.0,0.0,0.0,0.0,0.0,3097.5,3097.5,3097.5,3097.5,3097.5,3097.5,0.0,0.0,0.0,0.0,0.0,0.0,0.0,3097.5,3097.5,3097.5,3097.5,3097.5,3097.5,0.0,0.0,0.0,0.0,0.0,0.0,0.0,3097.5,3097.5,3097.5,3097.5,3097.5,3097.5,0.0,0.0,0.0,0.0,0.0,0.0,0.0,3097.5,3097.5,3097.5,3097.5,3097.5,3097.5,0.0,0.0,0.0,0.0,0.0,0.0,0.0
Area_out,0.0,0.0,0.0,0.0,0.0,0.0,0.0,0.0,0.0,0.0,0.0,0.0,0.0,0.0,0.0,0.0,0.0,0.0,0.0,0.0,0.0,0.0,0.0,0.0,0.0,0.0,0.0,0.0,0.0,0.0,0.0,0.0,0.0,0.0,0.0,0.0,0.0,0.0,0.0,0.0,0.0,0.0,0.0,0.0,0.0,0.0,0.0,0.0,0.0,0.0,0.0,0.0,0.0,0.0,0.0,0.0,0.0,0.0,0.0,0.0,0.0,0.0,0.0,0.0,0.0,0.0,0.0,0.0,0.0,0.0,0.0,0.0,0.0,0.0,0.0,0.0,0.0,0.0,0.0,0.0,0.0,0.0,0.0,0.0,0.0,0.0,0.0,0.0,0.0,0.0,0.0,0.0,0.0,0.0,0.0,0.0,0.0,0.0,0.0,0.0,0.0,0.0,0.0,0.0,0.0,0.0,0.0,0.0,0.0,0.0,0.0,0.0,0.0,0.0,0.0,0.0,0.0,0.0,0.0,0.0,0.0,0.0,0.0,0.0,0.0,0.0,0.0,0.0,0.0,0.0,0.0,0.0,0.0,0.0,0.0,0.0,0.0,0.0,0.0,0.0,0.0,0.0,0.0,0.0,0.0,0.0,0.0,0.0,0.0,0.0,0.0,0.0,0.0,0.0,0.0,0.0,0.0,0.0,0.0,0.0,0.0,0.0,0.0,0.0,0.0,0.0,0.0,0.0,0.0,0.0,0.0,0.0,0.0,0.0,0.0,0.0,0.0,0.0,0.0,0.0,0.0,0.0,0.0,0.0,0.0,0.0,0.0,0.0,0.0,0.0,0.0,0.0,0.0,0.0,0.0,0.0,0.0,0.0,0.0,0.0,0.0,0.0,0.0,0.0,0.0,0.0,0.0,0.0,0.0,0.0,0.0,0.0,0.0,0.0,0.0,0.0,0.0,0.0,0.0,0.0,0.0,0.0,0.0,0.0,0.0,0.0,0.0,0.0,0.0,0.0,0.0,0.0,0.0,0.0
Cemtype,0.0,0.0,0.0,1.0,1.0,1.0,0.0,0.0,0.0,0.0,0.0,0.0,0.0,0.0,0.0,0.0,1.0,1.0,1.0,0.0,0.0,0.0,0.0,0.0,0.0,0.0,0.0,0.0,0.0,1.0,1.0,1.0,0.0,0.0,0.0,0.0,0.0,0.0,0.0,0.0,0.0,0.0,1.0,1.0,1.0,0.0,0.0,0.0,0.0,0.0,0.0,0.0,0.0,0.0,0.0,1.0,1.0,1.0,0.0,0.0,0.0,0.0,0.0,0.0,0.0,0.0,0.0,0.0,1.0,1.0,1.0,0.0,0.0,0.0,0.0,0.0,0.0,0.0,0.0,0.0,0.0,1.0,1.0,1.0,0.0,0.0,0.0,0.0,0.0,0.0,0.0,0.0,0.0,0.0,1.0,1.0,1.0,0.0,0.0,0.0,0.0,0.0,0.0,0.0,0.0,0.0,0.0,1.0,1.0,1.0,0.0,0.0,0.0,0.0,0.0,0.0,0.0,0.0,0.0,0.0,1.0,1.0,1.0,0.0,0.0,0.0,0.0,0.0,0.0,0.0,0.0,0.0,0.0,1.0,1.0,1.0,0.0,0.0,0.0,0.0,0.0,0.0,0.0,0.0,0.0,0.0,1.0,1.0,1.0,0.0,0.0,0.0,0.0,0.0,0.0,0.0,0.0,0.0,0.0,1.0,1.0,1.0,0.0,0.0,0.0,0.0,0.0,0.0,0.0,0.0,0.0,0.0,1.0,1.0,1.0,0.0,0.0,0.0,0.0,0.0,0.0,0.0,0.0,0.0,0.0,1.0,1.0,1.0,0.0,0.0,0.0,0.0,0.0,0.0,0.0,0.0,0.0,0.0,1.0,1.0,1.0,0.0,0.0,0.0,0.0,0.0,0.0,0.0,0.0,0.0,0.0,1.0,1.0,1.0,0.0,0.0,0.0,0.0,0.0,0.0,0.0,0.0,0.0,0.0,1.0,1.0,1.0,0.0,0.0,0.0,0.0,0.0,0.0,0.0
LFD_index,0.0,1.0,2.0,3.0,4.0,5.0,2.0,2.0,2.0,2.0,2.0,2.0,2.0,0.0,1.0,2.0,3.0,4.0,5.0,2.0,2.0,2.0,2.0,2.0,2.0,2.0,0.0,1.0,2.0,3.0,4.0,5.0,2.0,2.0,2.0,2.0,2.0,2.0,2.0,0.0,1.0,2.0,3.0,4.0,5.0,2.0,2.0,2.0,2.0,2.0,2.0,2.0,0.0,1.0,2.0,3.0,4.0,5.0,2.0,2.0,2.0,2.0,2.0,2.0,2.0,0.0,1.0,2.0,3.0,4.0,5.0,2.0,2.0,2.0,2.0,2.0,2.0,2.0,0.0,1.0,2.0,3.0,4.0,5.0,2.0,2.0,2.0,2.0,2.0,2.0,2.0,0.0,1.0,2.0,3.0,4.0,5.0,2.0,2.0,2.0,2.0,2.0,2.0,2.0,0.0,1.0,2.0,3.0,4.0,5.0,2.0,2.0,2.0,2.0,2.0,2.0,2.0,0.0,1.0,2.0,3.0,4.0,5.0,2.0,2.0,2.0,2.0,2.0,2.0,2.0,0.0,1.0,2.0,3.0,4.0,5.0,2.0,2.0,2.0,2.0,2.0,2.0,2.0,0.0,1.0,2.0,3.0,4.0,5.0,2.0,2.0,2.0,2.0,2.0,2.0,2.0,0.0,1.0,2.0,3.0,4.0,5.0,2.0,2.0,2.0,2.0,2.0,2.0,2.0,0.0,1.0,2.0,3.0,4.0,5.0,2.0,2.0,2.0,2.0,2.0,2.0,2.0,0.0,1.0,2.0,3.0,4.0,5.0,2.0,2.0,2.0,2.0,2.0,2.0,2.0,0.0,1.0,2.0,3.0,4.0,5.0,2.0,2.0,2.0,2.0,2.0,2.0,2.0,0.0,1.0,2.0,3.0,4.0,5.0,2.0,2.0,2.0,2.0,2.0,2.0,2.0,0.0,1.0,2.0,3.0,4.0,5.0,2.0,2.0,2.0,2.0,2.0,2.0,2.0
ConcreteVolume,1939.0,1939.0,1939.0,1939.0,1939.0,1939.0,773.0,773.0,773.0,773.0,773.0,773.0,773.0,1939.0,1939.0,1939.0,1939.0,1939.0,1939.0,773.0,773.0,773.0,773.0,773.0,773.0,773.0,1939.0,1939.0,1939.0,1939.0,1939.0,1939.0,773.0,773.0,773.0,773.0,773.0,773.0,773.0,1939.0,1939.0,1939.0,1939.0,1939.0,1939.0,773.0,773.0,773.0,773.0,773.0,773.0,773.0,1939.0,1939.0,1939.0,1939.0,1939.0,1939.0,773.0,773.0,773.0,773.0,773.0,773.0,773.0,1939.0,1939.0,1939.0,1939.0,1939.0,1939.0,773.0,773.0,773.0,773.0,773.0,773.0,773.0,1939.0,1939.0,1939.0,1939.0,1939.0,1939.0,773.0,773.0,773.0,773.0,773.0,773.0,773.0,1939.0,1939.0,1939.0,1939.0,1939.0,1939.0,773.0,773.0,773.0,773.0,773.0,773.0,773.0,1939.0,1939.0,1939.0,1939.0,1939.0,1939.0,773.0,773.0,773.0,773.0,773.0,773.0,773.0,1939.0,1939.0,1939.0,1939.0,1939.0,1939.0,773.0,773.0,773.0,773.0,773.0,773.0,773.0,1939.0,1939.0,1939.0,1939.0,1939.0,1939.0,773.0,773.0,773.0,773.0,773.0,773.0,773.0,1939.0,1939.0,1939.0,1939.0,1939.0,1939.0,773.0,773.0,773.0,773.0,773.0,773.0,773.0,1939.0,1939.0,1939.0,1939.0,1939.0,1939.0,773.0,773.0,773.0,773.0,773.0,773.0,773.0,1939.0,1939.0,1939.0,1939.0,1939.0,1939.0,773.0,773.0,773.0,773.0,773.0,773.0,773.0,1939.0,1939.0,1939.0,1939.0,1939.0,1939.0,773.0,773.0,773.0,773.0,773.0,773.0,773.0,1939.0,1939.0,1939.0,1939.0,1939.0,1939.0,773.0,773.0,773.0,773.0,773.0,773.0,773.0,1939.0,1939.0,1939.0,1939.0,1939.0,1939.0,773.0,773.0,773.0,773.0,773.0,773.0,773.0,1939.0,1939.0,1939.0,1939.0,1939.0,1939.0,773.0,773.0,773.0,773.0,773.0,773.0,773.0
landfill_Ashare,0.48,0.48,0.48,0.48,0.48,0.48,0.0,0.0,0.0,1.0,0.0,0.0,0.48,0.48,0.48,0.48,0.48,0.48,0.48,0.0,0.0,0.0,1.0,0.0,0.0,0.48,0.48,0.48,0.48,0.48,0.48,0.48,0.0,0.0,0.0,1.0,0.0,0.0,0.48,0.48,0.48,0.48,0.48,0.48,0.48,0.0,0.0,0.0,1.0,0.0,0.0,0.48,0.48,0.48,0.48,0.48,0.48,0.48,0.0,0.0,0.0,1.0,0.0,0.0,0.48,0.48,0.48,0.48,0.48,0.48,0.48,0.0,0.0,0.0,1.0,0.0,0.0,0.48,0.48,0.48,0.48,0.48,0.48,0.48,0.0,0.0,0.0,1.0,0.0,0.0,0.48,0.48,0.48,0.48,0.48,0.48,0.48,0.0,0.0,0.0,1.0,0.0,0.0,0.48,0.48,0.48,0.48,0.48,0.48,0.48,0.0,0.0,0.0,1.0,0.0,0.0,0.48,0.48,0.48,0.48,0.48,0.48,0.48,0.0,0.0,0.0,1.0,0.0,0.0,0.48,0.48,0.48,0.48,0.48,0.48,0.48,0.0,0.0,0.0,1.0,0.0,0.0,0.48,0.48,0.48,0.48,0.48,0.48,0.48,0.0,0.0,0.0,1.0,0.0,0.0,0.48,0.48,0.48,0.48,0.48,0.48,0.48,0.0,0.0,0.0,1.0,0.0,0.0,0.48,0.48,0.48,0.48,0.48,0.48,0.48,0.0,0.0,0.0,1.0,0.0,0.0,0.48,0.48,0.48,0.48,0.48,0.48,0.48,0.0,0.0,0.0,1.0,0.0,0.0,0.48,0.48,0.48,0.48,0.48,0.48,0.48,0.0,0.0,0.0,1.0,0.0,0.0,0.48,0.48,0.48,0.48,0.48,0.48,0.48,0.0,0.0,0.0,1.0,0.0,0.0,0.48,0.48,0.48,0.48,0.48,0.48,0.48,0.0,0.0,0.0,1.0,0.0,0.0,0.48
landfill_Bshare,0.13,0.13,0.13,0.13,0.13,0.13,0.0,0.0,0.0,0.0,1.0,0.0,0.13,0.13,0.13,0.13,0.13,0.13,0.13,0.0,0.0,0.0,0.0,1.0,0.0,0.13,0.13,0.13,0.13,0.13,0.13,0.13,0.0,0.0,0.0,0.0,1.0,0.0,0.13,0.13,0.13,0.13,0.13,0.13,0.13,0.0,0.0,0.0,0.0,1.0,0.0,0.13,0.13,0.13,0.13,0.13,0.13,0.13,0.0,0.0,0.0,0.0,1.0,0.0,0.13,0.13,0.13,0.13,0.13,0.13,0.13,0.0,0.0,0.0,0.0,1.0,0.0,0.13,0.13,0.13,0.13,0.13,0.13,0.13,0.0,0.0,0.0,0.0,1.0,0.0,0.13,0.13,0.13,0.13,0.13,0.13,0.13,0.0,0.0,0.0,0.0,1.0,0.0,0.13,0.13,0.13,0.13,0.13,0.13,0.13,0.0,0.0,0.0,0.0,1.0,0.0,0.13,0.13,0.13,0.13,0.13,0.13,0.13,0.0,0.0,0.0,0.0,1.0,0.0,0.13,0.13,0.13,0.13,0.13,0.13,0.13,0.0,0.0,0.0,0.0,1.0,0.0,0.13,0.13,0.13,0.13,0.13,0.13,0.13,0.0,0.0,0.0,0.0,1.0,0.0,0.13,0.13,0.13,0.13,0.13,0.13,0.13,0.0,0.0,0.0,0.0,1.0,0.0,0.13,0.13,0.13,0.13,0.13,0.13,0.13,0.0,0.0,0.0,0.0,1.0,0.0,0.13,0.13,0.13,0.13,0.13,0.13,0.13,0.0,0.0,0.0,0.0,1.0,0.0,0.13,0.13,0.13,0.13,0.13,0.13,0.13,0.0,0.0,0.0,0.0,1.0,0.0,0.13,0.13,0.13,0.13,0.13,0.13,0.13,0.0,0.0,0.0,0.0,1.0,0.0,0.13,0.13,0.13,0.13,0.13,0.13,0.13,0.0,0.0,0.0,0.0,1.0,0.0,0.13
landfill_Cshare,0.12,0.12,0.12,0.12,0.12,0.12,0.0,0.0,0.0,0.0,0.0,1.0,0.12,0.12,0.12,0.12,0.12,0.12,0.12,0.0,0.0,0.0,0.0,0.0,1.0,0.12,0.12,0.12,0.12,0.12,0.12,0.12,0.0,0.0,0.0,0.0,0.0,1.0,0.12,0.12,0.12,0.12,0.12,0.12,0.12,0.0,0.0,0.0,0.0,0.0,1.0,0.12,0.12,0.12,0.12,0.12,0.12,0.12,0.0,0.0,0.0,0.0,0.0,1.0,0.12,0.12,0.12,0.12,0.12,0.12,0.12,0.0,0.0,0.0,0.0,0.0,1.0,0.12,0.12,0.12,0.12,0.12,0.12,0.12,0.0,0.0,0.0,0.0,0.0,1.0,0.12,0.12,0.12,0.12,0.12,0.12,0.12,0.0,0.0,0.0,0.0,0.0,1.0,0.12,0.12,0.12,0.12,0.12,0.12,0.12,0.0,0.0,0.0,0.0,0.0,1.0,0.12,0.12,0.12,0.12,0.12,0.12,0.12,0.0,0.0,0.0,0.0,0.0,1.0,0.12,0.12,0.12,0.12,0.12,0.12,0.12,0.0,0.0,0.0,0.0,0.0,1.0,0.12,0.12,0.12,0.12,0.12,0.12,0.12,0.0,0.0,0.0,0.0,0.0,1.0,0.12,0.12,0.12,0.12,0.12,0.12,0.12,0.0,0.0,0.0,0.0,0.0,1.0,0.12,0.12,0.12,0.12,0.12,0.12,0.12,0.0,0.0,0.0,0.0,0.0,1.0,0.12,0.12,0.12,0.12,0.12,0.12,0.12,0.0,0.0,0.0,0.0,0.0,1.0,0.12,0.12,0.12,0.12,0.12,0.12,0.12,0.0,0.0,0.0,0.0,0.0,1.0,0.12,0.12,0.12,0.12,0.12,0.12,0.12,0.0,0.0,0.0,0.0,0.0,1.0,0.12,0.12,0.12,0.12,0.12,0.12,0.12,0.0,0.0,0.0,0.0,0.0,1.0,0.12
recycling_share,0.09,0.09,0.09,0.09,0.09,0.09,0.0,1.0,1.0,0.0,0.0,0.0,0.09,0.09,0.09,0.09,0.09,0.09,0.09,0.0,1.0,1.0,0.0,0.0,0.0,0.09,0.09,0.09,0.09,0.09,0.09,0.09,0.0,1.0,1.0,0.0,0.0,0.0,0.09,0.09,0.09,0.09,0.09,0.09,0.09,0.0,1.0,1.0,0.0,0.0,0.0,0.09,0.09,0.09,0.09,0.09,0.09,0.09,0.0,1.0,1.0,0.0,0.0,0.0,0.09,0.09,0.09,0.09,0.09,0.09,0.09,0.0,1.0,1.0,0.0,0.0,0.0,0.09,0.09,0.09,0.09,0.09,0.09,0.09,0.0,1.0,1.0,0.0,0.0,0.0,0.09,0.09,0.09,0.09,0.09,0.09,0.09,0.0,1.0,1.0,0.0,0.0,0.0,0.09,0.09,0.09,0.09,0.09,0.09,0.09,0.0,1.0,1.0,0.0,0.0,0.0,0.09,0.09,0.09,0.09,0.09,0.09,0.09,0.0,1.0,1.0,0.0,0.0,0.0,0.09,0.09,0.09,0.09,0.09,0.09,0.09,0.0,1.0,1.0,0.0,0.0,0.0,0.09,0.09,0.09,0.09,0.09,0.09,0.09,0.0,1.0,1.0,0.0,0.0,0.0,0.09,0.09,0.09,0.09,0.09,0.09,0.09,0.0,1.0,1.0,0.0,0.0,0.0,0.09,0.09,0.09,0.09,0.09,0.09,0.09,0.0,1.0,1.0,0.0,0.0,0.0,0.09,0.09,0.09,0.09,0.09,0.09,0.09,0.0,1.0,1.0,0.0,0.0,0.0,0.09,0.09,0.09,0.09,0.09,0.09,0.09,0.0,1.0,1.0,0.0,0.0,0.0,0.09,0.09,0.09,0.09,0.09,0.09,0.09,0.0,1.0,1.0,0.0,0.0,0.0,0.09,0.09,0.09,0.09,0.09,0.09,0.09,0.0,1.0,1.0,0.0,0.0,0.0,0.09
incineration_share,0.18,0.18,0.18,0.18,0.18,0.18,1.0,0.0,0.0,0.0,0.0,0.0,0.18,0.18,0.18,0.18,0.18,0.18,0.18,1.0,0.0,0.0,0.0,0.0,0.0,0.18,0.18,0.18,0.18,0.18,0.18,0.18,1.0,0.0,0.0,0.0,0.0,0.0,0.18,0.18,0.18,0.18,0.18,0.18,0.18,1.0,0.0,0.0,0.0,0.0,0.0,0.18,0.18,0.18,0.18,0.18,0.18,0.18,1.0,0.0,0.0,0.0,0.0,0.0,0.18,0.18,0.18,0.18,0.18,0.18,0.18,1.0,0.0,0.0,0.0,0.0,0.0,0.18,0.18,0.18,0.18,0.18,0.18,0.18,1.0,0.0,0.0,0.0,0.0,0.0,0.18,0.18,0.18,0.18,0.18,0.18,0.18,1.0,0.0,0.0,0.0,0.0,0.0,0.18,0.18,0.18,0.18,0.18,0.18,0.18,1.0,0.0,0.0,0.0,0.0,0.0,0.18,0.18,0.18,0.18,0.18,0.18,0.18,1.0,0.0,0.0,0.0,0.0,0.0,0.18,0.18,0.18,0.18,0.18,0.18,0.18,1.0,0.0,0.0,0.0,0.0,0.0,0.18,0.18,0.18,0.18,0.18,0.18,0.18,1.0,0.0,0.0,0.0,0.0,0.0,0.18,0.18,0.18,0.18,0.18,0.18,0.18,1.0,0.0,0.0,0.0,0.0,0.0,0.18,0.18,0.18,0.18,0.18,0.18,0.18,1.0,0.0,0.0,0.0,0.0,0.0,0.18,0.18,0.18,0.18,0.18,0.18,0.18,1.0,0.0,0.0,0.0,0.0,0.0,0.18,0.18,0.18,0.18,0.18,0.18,0.18,1.0,0.0,0.0,0.0,0.0,0.0,0.18,0.18,0.18,0.18,0.18,0.18,0.18,1.0,0.0,0.0,0.0,0.0,0.0,0.18,0.18,0.18,0.18,0.18,0.18,0.18,1.0,0.0,0.0,0.0,0.0,0.0,0.18
TexposureEOL,0.25,0.25,0.25,0.25,0.25,0.25,0.25,0.25,0.25,0.25,0.25,0.25,0.25,0.25,0.25,0.25,0.25,0.25,0.25,0.25,0.25,0.25,0.25,0.25,0.25,0.25,0.25,0.25,0.25,0.25,0.25,0.25,0.25,0.25,0.25,0.25,0.25,0.25,0.25,0.25,0.25,0.25,0.25,0.25,0.25,0.25,0.25,0.25,0.25,0.25,0.25,0.25,0.25,0.25,0.25,0.25,0.25,0.25,0.25,0.25,0.25,0.25,0.25,0.25,0.25,0.25,0.25,0.25,0.25,0.25,0.25,0.25,0.25,0.25,0.25,0.25,0.25,0.25,0.25,0.25,0.25,0.25,0.25,0.25,0.25,0.25,0.25,0.25,0.25,0.25,0.25,0.25,0.25,0.25,0.25,0.25,0.25,0.25,0.25,0.25,0.25,0.25,0.25,0.25,0.25,0.25,0.25,0.25,0.25,0.25,0.25,0.25,0.25,0.25,0.25,0.25,0.25,0.25,0.25,0.25,0.25,0.25,0.25,0.25,0.25,0.25,0.25,0.25,0.25,0.25,0.25,0.25,0.25,0.25,0.25,0.25,0.25,0.25,0.25,0.25,0.25,0.25,0.25,0.25,0.25,0.25,0.25,0.25,0.25,0.25,0.25,0.25,0.25,0.25,0.25,0.25,0.25,0.25,0.25,0.25,0.25,0.25,0.25,0.25,0.25,0.25,0.25,0.25,0.25,0.25,0.25,0.25,0.25,0.25,0.25,0.25,0.25,0.25,0.25,0.25,0.25,0.25,0.25,0.25,0.25,0.25,0.25,0.25,0.25,0.25,0.25,0.25,0.25,0.25,0.25,0.25,0.25,0.25,0.25,0.25,0.25,0.25,0.25,0.25,0.25,0.25,0.25,0.25,0.25,0.25,0.25,0.25,0.25,0.25,0.25,0.25,0.25,0.25,0.25,0.25,0.25,0.25,0.25,0.25,0.25,0.25,0.25,0.25,0.25,0.25,0.25,0.25,0.25,0.25
